[Car_ID],[Title],[Price],[Car Type],[Registration Year],[Mileage],[Transmission],[Fuel Type],[Dealership],[Suburb],[Introduction date],[End date],[Engine position],[Engine detail],[Engine capacity (litre)],[Cylinder layout and quantity],[Fuel capacity],[Fuel consumption (average) **],[Fuel range (average)],[Power maximum (detail)],[Torque maximum],[Maximum/top speed],[CO2 emissions (average)],[Acceleration 0-100 km/h],[Last Updated],[Previous Owners],[Service History],[Colour],[Body Type],First_Entry_Timestamp,latest_version,Time_stamp
27049035,2023 Renault Kwid 1.0 Ultra For Sale,R 139 000,Used Car,2023,2 000 km,Manual,Petrol,JAY JAY MOTORS,Kempton Park,01/11/2020,1L,19 June 2023,1,Full Service History,White,Hatchback
26942502,2023 Suzuki S-Presso 1.0 GL Manual For Sale,R 139 900,Used Car,2023,47 729 km,Manual,Petrol,CMH TOYOTA ALBERTON,Alberton,05/12/2022,Front,1.0,1L,i3,27,"4,6 /100km",587 km,49 kW,89 Nm,111 g/km,29 April 2023,Unknown,White,Hatchback
26970474,2023 Nissan Almera 1.5 Acenta Auto For Sale,R 139 999,Used Car,2023,56 000 km,Automatic,Petrol,CE AUTO,Johannesburg,04/07/2016,Front,1.5,1.5L,i4,41,"7,2 /100km",569 km,73 kW,134 Nm,n/a s,183 km/h,171 g/km,01 June 2023,1,Full Service History,Sedan
26974260,2023 Nissan Almera 1.5 Acenta Auto For Sale,R 140 000,Used Car,2023,5 000 km,Automatic,Petrol,FAST TRACK MOTORS,Johannesburg,04/07/2016,Front,1.5,1.5L,i4,41,"7,2 /100km",569 km,73 kW,134 Nm,n/a s,183 km/h,171 g/km,24 May 2023,Unknown,Full Service History,White,Sedan
27043622,2023 Renault Kwid 1.0 Climber For Sale,R 140 000,Used Car,2023,2 000 km,Manual,Petrol,JODES MOTORS,Kempton Park,13/05/2022,Front,1.0,1L,i3,28,"4,9 /100km",596 km,50 kW,91 Nm,152 km/h,118 g/km,15 June 2023,1,Full Service History,Hatchback
26979976,2023 Suzuki Super Carry 1.2 For Sale,R 144 900,Used Car,2023,2 000 km,Manual,Petrol,WEBUYCARS SILVERLAKES,Pretoria,23/05/2016,Front,1.2,1.2L,i4,30,54 kW,101 Nm,16 June 2023,1,Full Service History,White,Single cab
26921297,2023 Suzuki S-Presso 1.0 GL Manual For Sale,R 144 950,Demo,2023,2 500 km,Manual,Petrol,SUZUKI BRYANSTON,Sandton,05/12/2022,Front,1.0,1L,i3,27,"4,6 /100km",587 km,49 kW,89 Nm,111 g/km,15 June 2023,Unknown,Full Franchise Service History,Red,Hatchback
26962788,2023 Suzuki S-Presso 1.0 GL Manual For Sale,R 147 500,Demo,2023,2 500 km,Manual,Petrol,SUZUKI BRYANSTON,Sandton,05/12/2022,Front,1.0,1L,i3,27,"4,6 /100km",587 km,49 kW,89 Nm,111 g/km,15 June 2023,Unknown,Full Franchise Service History,Orange,Hatchback
27032963,2023 Suzuki Super Carry 1.2 For Sale,R 149 500,Used Car,2023,1 850 km,Manual,Petrol,BASIL GREEN FORD,Edenvale,23/05/2016,Front,1.2,1.2L,i4,30,54 kW,101 Nm,10 June 2023,1,Full Franchise Service History,White,Single cab
26928009,2023 Renault Kwid 1.0 Zen For Sale,R 149 900,Used Car,2023,500 km,Manual,Petrol,KIA FOURWAYS,Sandton,13/05/2022,Front,1.0,1L,i3,28,"4,9 /100km",596 km,50 kW,91 Nm,152 km/h,118 g/km,24 May 2023,Unknown,Full Service History,White,Hatchback
27030935,2023 Suzuki S-Presso 1.0 GL Manual For Sale,R 149 900,Used Car,2023,1 000 km,Manual,Petrol,IPOP SUZUKI JHB SOUTH,Johannesburg,05/12/2022,Front,1.0,1L,i3,27,"4,6 /100km",587 km,49 kW,89 Nm,111 g/km,09 June 2023,1,Full Franchise Service History,Hatchback
26897086,2023 Suzuki S-Presso 1.0 GL+ For Sale,R 149 950,Demo,2023,5 000 km,Manual,Petrol,SUZUKI BRYANSTON,Sandton,18/03/2020,04/12/2022,Front,1.0,1L,i3,27,"4,9 /100km",551 km,50 kW,90 Nm,118 g/km,09 June 2023,Unknown,Full Franchise Service History,Silver,Hatchback
26876198,2023 Suzuki Super Carry 1.2 For Sale,R 152 500,New Car,2023,0,Manual,Petrol,SUZUKI N1 CITY NEW CARS,Goodwood,23/05/2016,Front,1.2,1.2L,i4,30,54 kW,101 Nm,08 May 2023,Single cab
26905830,2023 Suzuki Super Carry 1.2 For Sale,R 152 500,New Car,2023,0,Manual,Petrol,SUZUKI HAVAL GWM CHERY TABLE VIEW,Blouberg,23/05/2016,Front,1.2,1.2L,i4,30,54 kW,101 Nm,09 June 2023,White,Single cab
24930948,2023 Suzuki Super Carry 1.2 For Sale,R 154 750,Used Car,2023,101 km,Manual,Petrol,SUZUKI BASSONIA,Johannesburg,23/05/2016,Front,1.2,1.2L,i4,30,54 kW,101 Nm,24 May 2023,1,Full Franchise Service History,Single cab
26928933,2023 Suzuki S-Presso 1.0 GL Manual For Sale,R 154 900,Used Car,2023,150 km,Manual,Petrol,PENTA HYUNDAI BRITS,Brits,05/12/2022,Front,1.0,1L,i3,27,"4,6 /100km",587 km,49 kW,89 Nm,111 g/km,11 April 2023,1,Full Franchise Service History,Hatchback
26928937,2023 Suzuki S-Presso 1.0 GL Manual For Sale,R 154 900,Used Car,2023,150 km,Manual,Petrol,PENTA HYUNDAI BRITS,Brits,05/12/2022,Front,1.0,1L,i3,27,"4,6 /100km",587 km,49 kW,89 Nm,111 g/km,11 April 2023,1,Full Franchise Service History,Hatchback
26975431,2023 Suzuki S-Presso 1.0 GL Auto For Sale,R 154 990,Used Car,2023,2 500 km,Automatic,Petrol,KEY DURBAN,Durban,05/12/2022,Front,1.0,1L,i3,27,"4,4 /100km",614 km,49 kW,89 Nm,106 g/km,07 June 2023,Unknown,Full Franchise Service History,White,Hatchback
26944724,2023 Suzuki S-Presso 1.0 GL+ For Sale,R 155 900,Used Car,2023,15 000 km,Manual,Petrol,LIMPOPO AUTO HOLDINGS,Groblersdal,05/12/2022,Front,1.0,1L,i3,27,"4,6 /100km",587 km,49 kW,89 Nm,111 g/km,26 May 2023,Unknown,Full Franchise Service History,White,Hatchback
26308930,2023 Suzuki Super Carry 1.2 For Sale,R 156 900,New Car,2023,0,Manual,Petrol,SUZUKI WEST RAND NEW,Roodepoort,23/05/2016,Front,1.2,1.2L,i4,30,54 kW,101 Nm,13 June 2023,White,Single cab
27039207,2023 Suzuki S-Presso 1.0 GL+ For Sale,R 156 995,Demo,2023,6 500 km,Manual,Petrol,FRANK VOS MOTORS,Worcester,05/12/2022,Front,1.0,1L,i3,27,"4,6 /100km",587 km,49 kW,89 Nm,111 g/km,15 June 2023,Unknown,Full Service History,Silver,Hatchback
25474188,2023 Suzuki S-Presso 1.0 GL+ For Sale,R 157 661,Used Car,2023,101 km,Manual,Petrol,SUZUKI BASSONIA,Johannesburg,18/03/2020,04/12/2022,Front,1.0,1L,i3,27,"4,9 /100km",551 km,50 kW,90 Nm,118 g/km,24 May 2023,Unknown,Full Franchise Service History,Hatchback
26902339,2023 Suzuki S-Presso 1.0 GL+ For Sale,R 158 800,Demo,2023,4 258 km,Manual,Petrol,SUZUKI BRUMA,Johannesburg,05/12/2022,Front,1.0,1L,i3,27,"4,6 /100km",587 km,49 kW,89 Nm,111 g/km,01 June 2023,Unknown,Not Applicable,Grey,Hatchback
27015387,2023 Suzuki S-Presso 1.0 GL Manual For Sale,R 158 800,Used Car,2023,1 067 km,Manual,Petrol,AUTOCITY KIA NIGEL,Nigel,05/12/2022,Front,1.0,1L,i3,27,"4,6 /100km",587 km,49 kW,89 Nm,111 g/km,02 June 2023,Unknown,Orange,Hatchback
26766261,2023 Suzuki Super Carry 1.2 For Sale,R 158 900,Used Car,2023,101 km,Manual,Petrol,FRANK VOS MOTORS,Worcester,23/05/2016,Front,1.2,1.2L,i4,30,54 kW,101 Nm,14 June 2023,Unknown,Full Franchise Service History,White,Single cab
26883126,2023 Renault Kwid 1.0 Expression For Sale,R 159 800,Used Car,2023,9 426 km,Manual,Petrol,AUTOCITY NISSAN HEIDELBERG,Heidelberg,18/11/2019,13/05/2022,Front,1.0,1L,i3,28,"4,7 /100km",596 km,50 kW,91 Nm,152 km/h,112 g/km,07 June 2023,Unknown,Blue,Hatchback
27024719,2023 Suzuki S-Presso 1.0 GL+ For Sale,R 159 800,Used Car,2023,500 km,Manual,Petrol,SUZUKI PIETERMARITZBURG,Pietermaritzburg,05/12/2022,Front,1.0,1L,i3,27,"4,6 /100km",587 km,49 kW,89 Nm,111 g/km,07 June 2023,Unknown,Full Franchise Service History,Hatchback
27037423,2023 Renault Kwid 1.0 Life For Sale,R 159 899,Used Car,2023,4 800 km,Manual,Petrol,MOTUS NISSAN AND RENAULT MENLYN,Pretoria,13/05/2022,Front,1.0,1L,i3,28,"4,9 /100km",596 km,50 kW,91 Nm,152 km/h,118 g/km,16 June 2023,1,Full Service History,Hatchback
25938170,2023 Suzuki Super Carry 1.2 For Sale,R 159 900,Used Car,2023,1 500 km,Manual,Petrol,CMH NISSAN HILLCREST,Hillcrest,23/05/2016,Front,1.2,1.2L,i4,30,54 kW,101 Nm,19 June 2023,Unknown,White,Single cab
26245730,2023 Suzuki Super Carry 1.2 For Sale,R 159 900,Used Car,2023,30 km,Manual,Petrol,IPOP SUZUKI JHB SOUTH,Johannesburg,23/05/2016,Front,1.2,1.2L,i4,30,54 kW,101 Nm,24 May 2023,Unknown,Full Franchise Service History,White,Single cab
26245733,2023 Suzuki Super Carry 1.2 For Sale,R 159 900,Used Car,2023,30 km,Manual,Petrol,IPOP SUZUKI JHB SOUTH,Johannesburg,23/05/2016,Front,1.2,1.2L,i4,30,54 kW,101 Nm,24 May 2023,Unknown,Full Franchise Service History,White,Single cab
26245735,2023 Suzuki Super Carry 1.2 For Sale,R 159 900,Used Car,2023,30 km,Manual,Petrol,IPOP SUZUKI JHB SOUTH,Johannesburg,23/05/2016,Front,1.2,1.2L,i4,30,54 kW,101 Nm,24 May 2023,Unknown,Full Franchise Service History,White,Single cab
26531424,2023 Suzuki Super Carry 1.2 For Sale,R 159 900,New Car,2023,0,Manual,Petrol,SUZUKI JHB SOUTH NEW,Johannesburg,23/05/2016,Front,1.2,1.2L,i4,30,54 kW,101 Nm,02 May 2023,White,Single cab
26531436,2023 Suzuki Super Carry 1.2 For Sale,R 159 900,New Car,2023,0,Manual,Petrol,SUZUKI JHB SOUTH NEW,Johannesburg,23/05/2016,Front,1.2,1.2L,i4,30,54 kW,101 Nm,02 May 2023,White,Single cab
26822379,2023 Suzuki Super Carry 1.2 For Sale,R 159 900,Used Car,2023,100 km,Manual,Petrol,OMARS MOTOR DEN,Witbank,23/05/2016,Front,1.2,1.2L,i4,30,54 kW,101 Nm,24 May 2023,Unknown,Full Franchise Service History,Single cab
26867824,2023 Renault Kwid 1.0 Zen For Sale,R 159 900,Used Car,2023,14 650 km,Manual,Petrol,MOTUS NISSAN AND RENAULT MENLYN,Pretoria,13/05/2022,Front,1.0,1L,i3,28,"4,9 /100km",596 km,50 kW,91 Nm,152 km/h,118 g/km,16 June 2023,1,Full Service History,Hatchback
26947505,2023 Suzuki Super Carry 1.2 For Sale,R 159 900,Used Car,2023,500 km,Manual,Petrol,GREYLING MOTORS,Pretoria,23/05/2016,Front,1.2,1.2L,i4,30,54 kW,101 Nm,01 June 2023,Unknown,Full Franchise Service History,White,Single cab
26970645,2023 Suzuki S-Presso 1.0 GL+ For Sale,R 159 900,Demo,2023,4 857 km,Manual,Petrol,SUZUKI EDENVALE,Edenvale,05/12/2022,Front,1.0,1L,i3,27,"4,6 /100km",587 km,49 kW,89 Nm,111 g/km,07 June 2023,Unknown,Full Franchise Service History,Silver,Hatchback
26975214,2023 Suzuki S-Presso 1.0 GL Manual For Sale,R 159 900,Used Car,2023,500 km,Manual,Petrol,HYUNDAI EAST LONDON,East London,05/12/2022,Front,1.0,1L,i3,27,"4,6 /100km",587 km,49 kW,89 Nm,111 g/km,08 May 2023,Unknown,Full Franchise Service History,Hatchback
26975390,2023 Suzuki S-Presso 1.0 GL Manual For Sale,R 159 900,Used Car,2023,500 km,Manual,Petrol,HYUNDAI EAST LONDON,East London,05/12/2022,Front,1.0,1L,i3,27,"4,6 /100km",587 km,49 kW,89 Nm,111 g/km,08 May 2023,Unknown,Full Franchise Service History,Hatchback
27012758,2023 Suzuki S-Presso 1.0 GL For Sale,R 159 900,Used Car,2023,9 000 km,Manual,Petrol,SUZUKI WEST RAND,Roodepoort,18/03/2020,04/12/2022,Front,1.0,1L,i3,27,"4,9 /100km",551 km,50 kW,90 Nm,118 g/km,01 June 2023,1,Full Franchise Service History,White,Hatchback
27021057,2023 Suzuki S-Presso 1.0 GL Manual For Sale,R 159 900,Demo,2023,500 km,Manual,Petrol,PENTA MAHINDRA MOKOPANE,Mokopane,05/12/2022,Front,1.0,1L,i3,27,"4,6 /100km",587 km,49 kW,89 Nm,111 g/km,06 June 2023,Unknown,Full Franchise Service History,White,Hatchback
27033102,2023 Renault Kwid 1.0 Life For Sale,R 159 900,Used Car,2023,2 770 km,Manual,Petrol,MOTUS NISSAN AND RENAULT MENLYN,Pretoria,13/05/2022,Front,1.0,1L,i3,28,"4,9 /100km",596 km,50 kW,91 Nm,152 km/h,118 g/km,16 June 2023,1,Full Service History,Hatchback
27033148,2023 Suzuki Super Carry 1.2 For Sale,R 159 900,New Car,2023,0,Manual,Petrol,SUZUKI BRYANSTON NEW,Sandton,23/05/2016,Front,1.2,1.2L,i4,30,54 kW,101 Nm,14 June 2023,Single cab
27037525,2023 Renault Kwid 1.0 Life For Sale,R 159 900,Used Car,2023,4 800 km,Manual,Petrol,MOTUS NISSAN AND RENAULT MENLYN,Pretoria,13/05/2022,Front,1.0,1L,i3,28,"4,9 /100km",596 km,50 kW,91 Nm,152 km/h,118 g/km,16 June 2023,1,Full Service History,Hatchback
27037533,2023 Renault Kwid 1.0 Life For Sale,R 159 900,Used Car,2023,4 700 km,Manual,Petrol,MOTUS NISSAN AND RENAULT MENLYN,Pretoria,13/05/2022,Front,1.0,1L,i3,28,"4,9 /100km",596 km,50 kW,91 Nm,152 km/h,118 g/km,16 June 2023,1,Full Service History,Hatchback
27038991,2023 Suzuki S-Presso 1.0 GL Manual For Sale,R 159 900,Used Car,2023,1 000 km,Manual,Petrol,SUZUKI WEST RAND,Roodepoort,05/12/2022,Front,1.0,1L,i3,27,"4,6 /100km",587 km,49 kW,89 Nm,111 g/km,16 June 2023,1,Full Franchise Service History,White,Hatchback
27047970,2023 Suzuki Super Carry 1.2 For Sale,R 159 900,Demo,2023,100 km,Manual,Petrol,PENTA MOTOR GROUP MONTANA,Pretoria,23/05/2016,Front,1.2,1.2L,i4,30,54 kW,101 Nm,19 June 2023,1,Full Franchise Service History,Single cab
27033978,2023 Suzuki Super Carry 1.2 For Sale,R 159 990,Used Car,2023,500 km,Manual,Petrol,KEY DURBAN,Durban,23/05/2016,Front,1.2,1.2L,i4,30,54 kW,101 Nm,12 June 2023,Unknown,Not Applicable,White,Single cab
27002029,2023 Suzuki S-Presso 1.0 GL+ For Sale,R 159 995,Used Car,2023,7 500 km,Manual,Petrol,FRANK VOS MOTORS,Worcester,05/12/2022,Front,1.0,1L,i3,27,"4,6 /100km",587 km,49 kW,89 Nm,111 g/km,15 June 2023,Unknown,Full Service History,White,Hatchback
24876904,2023 Suzuki Super Carry 1.2 For Sale,R 160 900,Used Car,2023,101 km,Manual,Petrol,SUZUKI BRAMLEY,Johannesburg,23/05/2016,Front,1.2,1.2L,i4,30,54 kW,101 Nm,24 May 2023,1,Full Franchise Service History,White,Single cab
26917942,2023 Suzuki S-Presso 1.0 GL+ For Sale,R 162 500,Used Car,2023,50 km,Manual,Petrol,SUZUKI BRYANSTON,Sandton,18/03/2020,04/12/2022,Front,1.0,1L,i3,27,"4,9 /100km",551 km,50 kW,90 Nm,118 g/km,25 May 2023,Unknown,Full Franchise Service History,Hatchback
26825202,2023 Suzuki S-Presso 1.0 GL+ For Sale,R 164 500,New Car,2023,0,Manual,Petrol,SUZUKI NORTHCLIFF NEW  CAR,Randburg,05/12/2022,Front,1.0,1L,i3,27,"4,6 /100km",587 km,49 kW,89 Nm,111 g/km,24 January 2023,Hatchback
26825452,2023 Suzuki S-Presso 1.0 GL+ For Sale,R 164 500,New Car,2023,0,Manual,Petrol,SUZUKI NORTHCLIFF NEW  CAR,Randburg,05/12/2022,Front,1.0,1L,i3,27,"4,6 /100km",587 km,49 kW,89 Nm,111 g/km,24 January 2023,Hatchback
26965460,2023 Renault Kwid 1.0 Life For Sale,R 164 800,Used Car,2023,1 501 km,Manual,Petrol,MOTUS SELECT EAST RAND MALL,Boksburg,13/05/2022,Front,1.0,1L,i3,28,"4,9 /100km",596 km,50 kW,91 Nm,152 km/h,118 g/km,16 June 2023,1,Full Service History,Hatchback
26965462,2023 Renault Kwid 1.0 Life For Sale,R 164 800,Used Car,2023,1 501 km,Manual,Petrol,MOTUS NISSAN EAST RAND,Boksburg,13/05/2022,Front,1.0,1L,i3,28,"4,9 /100km",596 km,50 kW,91 Nm,152 km/h,118 g/km,16 June 2023,1,Full Service History,Hatchback
26930562,2023 Renault Kwid 1.0 Life For Sale,R 164 900,Used Car,2023,100 km,Manual,Petrol,MOTUS NISSAN AND RENAULT MENLYN,Pretoria,13/05/2022,Front,1.0,1L,i3,28,"4,9 /100km",596 km,50 kW,91 Nm,152 km/h,118 g/km,16 June 2023,1,Full Service History,Hatchback
26955589,2023 Suzuki S-Presso 1.0 GL+ For Sale,R 164 900,Used Car,2023,2 696 km,Manual,Petrol,VAAL HONDA,Vereeniging,05/12/2022,Front,1.0,1L,i3,27,"4,6 /100km",587 km,49 kW,89 Nm,111 g/km,24 May 2023,1,Full Franchise Service History,Blue,Hatchback
26999718,2023 Suzuki S-Presso 1.0 GL Manual For Sale,R 164 900,Used Car,2023,35 km,Manual,Petrol,SUZUKI BASSONIA,Johannesburg,05/12/2022,Front,1.0,1L,i3,27,"4,6 /100km",587 km,49 kW,89 Nm,111 g/km,14 June 2023,1,Full Franchise Service History,Hatchback
27012841,2023 Suzuki S-Presso 1.0 GL Manual For Sale,R 164 900,Used Car,2023,101 km,Manual,Petrol,SUZUKI BRAMLEY,Johannesburg,05/12/2022,Front,1.0,1L,i3,27,"4,6 /100km",587 km,49 kW,89 Nm,111 g/km,01 June 2023,1,Hatchback
27025459,2023 Suzuki S-Presso 1.0 GL Manual For Sale,R 164 900,Demo,2023,2 492 km,Manual,Petrol,SUZUKI AND CHERY KOKSTAD,Kokstad,05/12/2022,Front,1.0,1L,i3,27,"4,6 /100km",587 km,49 kW,89 Nm,111 g/km,07 June 2023,Unknown,Full Service History,Hatchback
26962640,2023 Suzuki Celerio 1.0 GA For Sale,R 164 950,Used Car,2023,6 500 km,Manual,Petrol,SUZUKI BRYANSTON,Sandton,07/03/2022,Front,1.0,1L,i3,32,"4,4 /100km",727 km,49 kW,89 Nm,92 g/km,19 June 2023,Unknown,Full Franchise Service History,Hatchback
26962827,2023 Suzuki S-Presso 1.0 GL Auto For Sale,R 164 950,Demo,2023,2 500 km,Automatic,Petrol,SUZUKI BRYANSTON,Sandton,05/12/2022,Front,1.0,1L,i3,27,"4,4 /100km",614 km,49 kW,89 Nm,106 g/km,09 June 2023,Unknown,Full Franchise Service History,Blue,Hatchback
26962832,2023 Suzuki S-Presso 1.0 GL Auto For Sale,R 164 950,Used Car,2023,2 500 km,Automatic,Petrol,SUZUKI BRYANSTON,Sandton,05/12/2022,Front,1.0,1L,i3,27,"4,4 /100km",614 km,49 kW,89 Nm,106 g/km,15 June 2023,Unknown,Full Franchise Service History,Hatchback
27000699,2023 Suzuki Celerio 1.0 GA For Sale,R 164 950,Used Car,2023,7 000 km,Manual,Petrol,AUTO INVESTMENTS WATERKLOOF,Pretoria,07/03/2022,Front,1.0,1L,i3,32,"4,4 /100km",727 km,49 kW,89 Nm,92 g/km,30 May 2023,Unknown,Full Service History,White,Hatchback
26879882,2023 Renault Kwid 1.0 Zen For Sale,R 165 000,Used Car,2023,4 703 km,Manual,Petrol,MOTUS NISSAN PAROW,Parow,13/05/2022,Front,1.0,1L,i3,28,"4,9 /100km",596 km,50 kW,91 Nm,152 km/h,118 g/km,16 June 2023,1,Full Service History,Hatchback
26885891,2023 Toyota Agya 1.0 For Sale,R 165 500,Used Car,2023,11 083 km,Manual,Petrol,CARNIVAL TOYOTA,Brakpan,25/11/2020,06/04/2023,Front,1.0,1L,i3,33,"4,8 /100km",688 km,49 kW,89 Nm,"14,6 s",165 km/h,112 g/km,18 June 2023,Unknown,Full Service History,Hatchback
26821176,2023 Renault Kwid 1.0 Zen For Sale,R 165 900,Used Car,2023,14 850 km,Manual,Petrol,EASTVAAL MOTORS MIDDELBURG,Middelburg,13/05/2022,Front,1.0,1L,i3,28,"4,9 /100km",596 km,50 kW,91 Nm,152 km/h,118 g/km,31 May 2023,Unknown,Full Franchise Service History,Silver,Hatchback
26974445,2023 Suzuki S-Presso 1.0 GL+ For Sale,R 165 900,Used Car,2023,5 300 km,Manual,Petrol,HYUNDAI EAST LONDON,East London,05/12/2022,Front,1.0,1L,i3,27,"4,6 /100km",587 km,49 kW,89 Nm,111 g/km,24 May 2023,1,Full Franchise Service History,Hatchback
26853606,2023 Toyota Agya 1.0 (Audio) For Sale,R 165 990,Used Car,2023,35 000 km,Manual,Petrol,HALFWAY TOYOTA SCOTTBURGH,Scottburgh,25/11/2020,06/04/2023,Front,1.0,1L,i3,33,"4,8 /100km",688 km,49 kW,89 Nm,"14,6 s",165 km/h,112 g/km,08 June 2023,1,Full Franchise Service History,Grey,Hatchback
27002599,2023 Toyota Agya 1.0 (Audio) For Sale,R 165 990,Used Car,2023,19 000 km,Manual,Petrol,HALFWAY TOYOTA SCOTTBURGH,Scottburgh,25/11/2020,06/04/2023,Front,1.0,1L,i3,33,"4,8 /100km",688 km,49 kW,89 Nm,"14,6 s",165 km/h,112 g/km,08 June 2023,1,Full Franchise Service History,Silver,Hatchback
26619550,2023 Renault Kwid 1.0 Expression For Sale,R 165 999,Used Car,2023,13 500 km,Manual,Petrol,CMH NISSAN BALLITO,Ballito,18/11/2019,13/05/2022,Front,1.0,1L,i3,28,"4,7 /100km",596 km,50 kW,91 Nm,152 km/h,112 g/km,19 June 2023,Unknown,White,Hatchback
26823880,2023 Suzuki Super Carry 1.2 For Sale,R 166 700,New Car,2023,0,Manual,Petrol,SUZUKI ALBERTON NEW,Alberton,23/05/2016,Front,1.2,1.2L,i4,30,54 kW,101 Nm,29 April 2023,White,Single cab
26198291,2023 Suzuki Super Carry 1.2 For Sale,R 166 900,Used Car,2023,1 500 km,Manual,Petrol,CMH HONDA PINETOWN,Pinetown,23/05/2016,Front,1.2,1.2L,i4,30,54 kW,101 Nm,19 June 2023,Unknown,White,Single cab
26602982,2023 Suzuki Super Carry 1.2 For Sale,R 166 900,Used Car,2023,101 km,Manual,Petrol,SUZUKI KYALAMI,Midrand,23/05/2016,Front,1.2,1.2L,i4,30,54 kW,101 Nm,24 May 2023,1,Full Franchise Service History,Single cab
26730863,2023 Suzuki Super Carry 1.2 For Sale,R 166 900,New Car,2023,0,Manual,Petrol,SUZUKI SWELLENDAM NEW,Swellendam,23/05/2016,Front,1.2,1.2L,i4,30,54 kW,101 Nm,22 May 2023,Single cab
26810088,2023 Suzuki Super Carry 1.2 For Sale,R 166 900,Demo,2023,100 km,Manual,Petrol,PENTA HYUNDAI BRITS,Brits,23/05/2016,Front,1.2,1.2L,i4,30,54 kW,101 Nm,16 June 2023,1,Full Franchise Service History,Single cab
26934533,2023 Suzuki Super Carry 1.2 For Sale,R 166 900,Used Car,2023,40 km,Manual,Petrol,SUZUKI TAVCOR MOSSELBAY,Mossel Bay,23/05/2016,Front,1.2,1.2L,i4,30,54 kW,101 Nm,24 May 2023,Unknown,Full Franchise Service History,White,Single cab
26975594,2023 Suzuki Super Carry 1.2 For Sale,R 166 900,Used Car,2023,2 000 km,Manual,Petrol,CMH NISSAN HILLCREST,Hillcrest,23/05/2016,Front,1.2,1.2L,i4,30,54 kW,101 Nm,19 June 2023,Unknown,White,Single cab
27015054,2023 Suzuki Super Carry 1.2 For Sale,R 166 900,New Car,2023,0,Manual,Petrol,SUZUKI SECUNDA,Secunda,23/05/2016,Front,1.2,1.2L,i4,30,54 kW,101 Nm,19 June 2023,Full Service History,Single cab
26862729,2023 Suzuki Super Carry 1.2 For Sale,R 166 950,New Car,2023,0,Manual,Petrol,CENTURION SELECT,Centurion,23/05/2016,Front,1.2,1.2L,i4,30,54 kW,101 Nm,23 May 2023,Single cab
26985514,2023 Suzuki Super Carry 1.2 For Sale,R 166 950,New Car,2023,0,Manual,Petrol,CENTURION SELECT,Centurion,23/05/2016,Front,1.2,1.2L,i4,30,54 kW,101 Nm,23 May 2023,White,Single cab
26776322,2023 Suzuki S-Presso 1.0 GL+ For Sale,R 166 999,Used Car,2023,10 000 km,Manual,Petrol,SUZUKI SALT ROCK AND CHERY BALLITO,Ballito,05/12/2022,Front,1.0,1L,i3,27,"4,6 /100km",587 km,49 kW,89 Nm,111 g/km,24 May 2023,Unknown,Not Applicable,White,Hatchback
26802994,2023 Suzuki Super Carry 1.2 For Sale,R 167 950,Used Car,2023,199 km,Manual,Petrol,CENTRAL MOTORS,Rustenburg,23/05/2016,Front,1.2,1.2L,i4,30,54 kW,101 Nm,13 June 2023,Unknown,Full Franchise Service History,Single cab
26998506,2023 Suzuki Super Carry 1.2 For Sale,R 168 000,Used Car,2023,5 km,Manual,Petrol,PLANET42,Pretoria,23/05/2016,Front,1.2,1.2L,i4,30,54 kW,101 Nm,26 May 2023,Unknown,Not Applicable,White,Single cab
26959157,2023 Suzuki S-Presso 1.0 GL+ For Sale,R 168 900,Used Car,2023,20 km,Manual,Petrol,SUZUKI SALT ROCK AND CHERY BALLITO,Ballito,05/12/2022,Front,1.0,1L,i3,27,"4,6 /100km",587 km,49 kW,89 Nm,111 g/km,24 May 2023,Unknown,Not Applicable,Silver,Hatchback
27022552,2023 Suzuki S-Presso 1.0 GL+ For Sale,R 168 900,Used Car,2023,8 000 km,Manual,Petrol,CMH HONDA PINETOWN,Pinetown,05/12/2022,Front,1.0,1L,i3,27,"4,6 /100km",587 km,49 kW,89 Nm,111 g/km,19 June 2023,Unknown,Grey,Hatchback
27004754,2023 Volkswagen Polo Vivo Hatch 1.4 Trendline For Sale,R 169 000,Used Car,2023,17 000 km,Manual,Petrol,CONFIDENT MOTORS,Johannesburg,04/10/2022,Front,1.4,1.4L,i4,45,"5,7 /100km",790 km,55 kW,130 Nm,171 km/h,134 g/km,25 May 2023,1,Full Service History,Hatchback
27012521,2023 Suzuki Celerio 1.0 GA For Sale,R 169 499,Used Car,2023,6 000 km,Manual,Petrol,CITTON CARS MENLYN,Pretoria,07/03/2022,Front,1.0,1L,i3,32,"4,4 /100km",727 km,49 kW,89 Nm,92 g/km,01 June 2023,Unknown,Full Franchise Service History,Hatchback
27018982,2023 Suzuki Celerio 1.0 GA For Sale,R 169 499,Used Car,2023,11 000 km,Manual,Petrol,CITTON CARS GEZINA,Pretoria,07/03/2022,Front,1.0,1L,i3,32,"4,4 /100km",727 km,49 kW,89 Nm,92 g/km,05 June 2023,Unknown,Full Franchise Service History,Hatchback
26870525,2023 Suzuki Celerio 1.0 GA For Sale,R 169 500,New Car,2023,0,Manual,Petrol,SUZUKI N1 CITY NEW CARS,Goodwood,07/03/2022,Front,1.0,1L,i3,32,"4,4 /100km",727 km,49 kW,89 Nm,92 g/km,26 May 2023,Hatchback
26905809,2023 Suzuki Celerio 1.0 GA For Sale,R 169 500,New Car,2023,0,Manual,Petrol,SUZUKI HAVAL GWM CHERY TABLE VIEW,Blouberg,07/03/2022,Front,1.0,1L,i3,32,"4,4 /100km",727 km,49 kW,89 Nm,92 g/km,26 May 2023,White,Hatchback
25415626,2023 Suzuki S-Presso 1.0 GL+ For Sale,R 169 551,Used Car,2023,101 km,Manual,Petrol,SUZUKI BASSONIA,Johannesburg,18/03/2020,04/12/2022,Front,1.0,1L,i3,27,"4,9 /100km",551 km,50 kW,90 Nm,118 g/km,24 May 2023,Unknown,Full Franchise Service History,Hatchback
26807590,2023 Suzuki S-Presso 1.0 GL+ For Sale,R 169 553,Used Car,2023,101 km,Manual,Petrol,SUZUKI BASSONIA,Johannesburg,05/12/2022,Front,1.0,1L,i3,27,"4,6 /100km",587 km,49 kW,89 Nm,111 g/km,24 May 2023,1,Full Franchise Service History,Hatchback
26854875,2023 Renault Kwid 1.0 Climber For Sale,R 169 800,Used Car,2023,101 km,Manual,Petrol,AUTOCITY CHERY HEIDELBERG,Heidelberg,13/05/2022,Front,1.0,1L,i3,28,"4,9 /100km",596 km,50 kW,91 Nm,152 km/h,118 g/km,19 June 2023,Unknown,White,Hatchback
26885445,2023 Renault Kwid 1.0 Dynamique For Sale,R 169 800,Used Car,2023,7 426 km,Manual,Petrol,AUTOCITY NISSAN HEIDELBERG,Heidelberg,18/11/2019,13/05/2022,Front,1.0,1L,i3,28,"4,7 /100km",596 km,50 kW,91 Nm,152 km/h,112 g/km,07 June 2023,Unknown,Red,Hatchback
27001044,2023 Nissan NP200 1.6i Safety Pack For Sale,R 169 800,Used Car,2023,14 000 km,Manual,Petrol,H2 AUTO WE ARE CARS,Johannesburg,01/04/2019,Front,1.6,1.6L,i4,50,"8,1 /100km",617 km,64 kW,128 Nm,192 g/km,17 June 2023,Unknown,Full Service History,White,Single cab
27024695,2023 Renault Kwid 1.0 Life For Sale,R 169 890,Used Car,2023,3 000 km,Manual,Petrol,HAVAL HILLCREST,Hillcrest,13/05/2022,Front,1.0,1L,i3,28,"4,9 /100km",596 km,50 kW,91 Nm,152 km/h,118 g/km,08 June 2023,Unknown,Full Franchise Service History,Red,Hatchback
26782405,2023 Suzuki S-Presso 1.0 GL+ For Sale,R 169 900,New Car,2023,0,Manual,Petrol,SUZUKI JHB SOUTH NEW,Johannesburg,05/12/2022,Front,1.0,1L,i3,27,"4,6 /100km",587 km,49 kW,89 Nm,111 g/km,13 May 2023,Hatchback
26784320,2023 Suzuki S-Presso 1.0 GL+ For Sale,R 169 900,New Car,2023,0,Manual,Petrol,SUZUKI JHB SOUTH NEW,Johannesburg,05/12/2022,Front,1.0,1L,i3,27,"4,6 /100km",587 km,49 kW,89 Nm,111 g/km,13 May 2023,Hatchback
26842744,2023 Suzuki Celerio 1.0 GA For Sale,R 169 900,Used Car,2023,1 500 km,Manual,Petrol,MAYET CAR SALES,Delmas,07/03/2022,Front,1.0,1L,i3,32,"4,4 /100km",727 km,49 kW,89 Nm,92 g/km,31 May 2023,Unknown,Full Franchise Service History,Hatchback
26864631,2023 Suzuki S-Presso 1.0 GL+ For Sale,R 169 900,Used Car,2023,101 km,Manual,Petrol,IPOP SUZUKI JHB SOUTH,Johannesburg,05/12/2022,Front,1.0,1L,i3,27,"4,6 /100km",587 km,49 kW,89 Nm,111 g/km,24 May 2023,Unknown,Full Franchise Service History,Hatchback
26878269,2023 Suzuki Super Carry 1.2 For Sale,R 169 900,Used Car,2023,121 km,Manual,Petrol,HYUNDAI LOUIS TRICHARDT,Louis Trichardt,23/05/2016,Front,1.2,1.2L,i4,30,54 kW,101 Nm,24 May 2023,1,Not Applicable,White,Single cab
26878294,2023 Suzuki Super Carry 1.2 For Sale,R 169 900,Used Car,2023,126 km,Manual,Petrol,HYUNDAI LOUIS TRICHARDT,Louis Trichardt,23/05/2016,Front,1.2,1.2L,i4,30,54 kW,101 Nm,24 May 2023,1,Not Applicable,White,Single cab
26909618,2023 Renault Kwid 1.0 Zen For Sale,R 169 900,Used Car,2023,2 898 km,Manual,Petrol,MOTUS NISSAN TYGERVALLEY,Bellville,13/05/2022,Front,1.0,1L,i3,28,"4,9 /100km",596 km,50 kW,91 Nm,152 km/h,118 g/km,18 June 2023,1,Full Service History,Hatchback
26980013,2023 Renault Kwid 1.0 Life For Sale,R 169 900,Used Car,2023,1 210 km,Manual,Petrol,EASTVAAL MOTORS MIDDELBURG,Middelburg,13/05/2022,Front,1.0,1L,i3,28,"4,9 /100km",596 km,50 kW,91 Nm,152 km/h,118 g/km,17 May 2023,Unknown,Full Franchise Service History,Silver,Hatchback
27002293,2023 Renault Kwid 1.0 Life For Sale,R 169 900,Used Car,2023,100 km,Manual,Petrol,RENAULT NEWCASTLE,Newcastle,13/05/2022,Front,1.0,1L,i3,28,"4,9 /100km",596 km,50 kW,91 Nm,152 km/h,118 g/km,01 June 2023,Unknown,Full Franchise Service History,Hatchback
27004194,2023 Renault Kwid 1.0 Life For Sale,R 169 900,Used Car,2023,9 750 km,Manual,Petrol,KIA WONDERWATERS,Pretoria,13/05/2022,Front,1.0,1L,i3,28,"4,9 /100km",596 km,50 kW,91 Nm,152 km/h,118 g/km,25 May 2023,1,Full Franchise Service History,Red,Hatchback
27016157,2023 Suzuki S-Presso 1.0 GL+ For Sale,R 169 900,Used Car,2023,125 km,Manual,Petrol,SUZUKI AND CHERY KOKSTAD,Kokstad,05/12/2022,Front,1.0,1L,i3,27,"4,6 /100km",587 km,49 kW,89 Nm,111 g/km,02 June 2023,Unknown,Full Service History,Hatchback
27036641,2023 Suzuki S-Presso 1.0 GL For Sale,R 169 900,New Car,2023,0,Manual,Petrol,SUZUKI SECUNDA,Secunda,18/03/2020,04/12/2022,Front,1.0,1L,i3,27,"4,9 /100km",551 km,50 kW,90 Nm,118 g/km,19 June 2023,Full Service History,Hatchback
27039169,2023 Suzuki S-Presso 1.0 GL+ For Sale,R 169 900,New Car,2023,0,Manual,Petrol,SUZUKI BRYANSTON NEW,Sandton,05/12/2022,Front,1.0,1L,i3,27,"4,6 /100km",587 km,49 kW,89 Nm,111 g/km,14 June 2023,Hatchback
27040322,2023 Suzuki S-Presso 1.0 GL+ For Sale,R 169 900,Used Car,2023,10 000 km,Manual,Petrol,SUZUKI BASSONIA,Johannesburg,05/12/2022,Front,1.0,1L,i3,27,"4,6 /100km",587 km,49 kW,89 Nm,111 g/km,14 June 2023,1,Full Franchise Service History,Hatchback
26859309,2023 Suzuki Super Carry 1.2 For Sale,R 169 950,Used Car,2023,150 km,Manual,Petrol,TX AUTO,Potchefstroom,23/05/2016,Front,1.2,1.2L,i4,30,54 kW,101 Nm,24 May 2023,Unknown,Not Applicable,White,Single cab
26866531,2023 Renault Kwid 1.0 Life For Sale,R 169 990,Used Car,2023,59 km,Manual,Petrol,BIDVEST MCCARTHY NISSAN MELROSE,Johannesburg,13/05/2022,Front,1.0,1L,i3,28,"4,9 /100km",596 km,50 kW,91 Nm,152 km/h,118 g/km,07 June 2023,1,Full Service History,Hatchback
26772657,2023 Suzuki Super Carry 1.2 For Sale,R 169 995,Used Car,2023,100 km,Manual,Petrol,AUTO INVESTMENTS HATFIELD,Pretoria,23/05/2016,Front,1.2,1.2L,i4,30,54 kW,101 Nm,24 May 2023,Unknown,Full Franchise Service History,White,Single cab
26994205,2023 Suzuki S-Presso 1.0 GL+ For Sale,R 170 000,Used Car,2023,100 km,Manual,Petrol,SUZUKI BETHLEHEM,Bethlehem,05/12/2022,Front,1.0,1L,i3,27,"4,6 /100km",587 km,49 kW,89 Nm,111 g/km,24 May 2023,Unknown,White,Hatchback
26856329,2023 Suzuki S-Presso 1.0 GL+ For Sale,R 170 500,New Car,2023,0,Manual,Petrol,SUZUKI N1 CITY NEW CARS,Goodwood,05/12/2022,Front,1.0,1L,i3,27,"4,6 /100km",587 km,49 kW,89 Nm,111 g/km,08 May 2023,Hatchback
26882309,2023 Suzuki S-Presso 1.0 GL+ For Sale,R 170 500,New Car,2023,0,Manual,Petrol,SUZUKI N1 CITY NEW CARS,Goodwood,05/12/2022,Front,1.0,1L,i3,27,"4,6 /100km",587 km,49 kW,89 Nm,111 g/km,08 May 2023,Hatchback
26905711,2023 Suzuki S-Presso 1.0 GL+ For Sale,R 170 500,New Car,2023,0,Manual,Petrol,SUZUKI HAVAL GWM CHERY TABLE VIEW,Blouberg,05/12/2022,Front,1.0,1L,i3,27,"4,6 /100km",587 km,49 kW,89 Nm,111 g/km,05 May 2023,White,Hatchback
26905959,2023 Suzuki S-Presso 1.0 GL+ For Sale,R 170 500,New Car,2023,0,Manual,Petrol,SUZUKI HAVAL GWM CHERY TABLE VIEW,Blouberg,05/12/2022,Front,1.0,1L,i3,27,"4,6 /100km",587 km,49 kW,89 Nm,111 g/km,08 May 2023,Orange,Hatchback
26930226,2023 Suzuki S-Presso 1.0 GL+ For Sale,R 170 500,New Car,2023,0,Manual,Petrol,SUZUKI N1 CITY NEW CARS,Goodwood,05/12/2022,Front,1.0,1L,i3,27,"4,6 /100km",587 km,49 kW,89 Nm,111 g/km,08 May 2023,Silver,Hatchback
26930234,2023 Suzuki S-Presso 1.0 GL+ For Sale,R 170 500,New Car,2023,0,Manual,Petrol,SUZUKI HAVAL GWM CHERY TABLE VIEW,Blouberg,05/12/2022,Front,1.0,1L,i3,27,"4,6 /100km",587 km,49 kW,89 Nm,111 g/km,05 May 2023,Silver,Hatchback
26879609,2023 Suzuki S-Presso 1.0 S-Edition For Sale,R 170 900,Used Car,2023,101 km,Manual,Petrol,FRANK VOS MOTORS,Worcester,18/03/2020,04/12/2022,Front,1.0,1L,i3,27,"4,9 /100km",551 km,50 kW,90 Nm,118 g/km,03 March 2023,Unknown,Full Franchise Service History,Blue,Hatchback
26983277,2023 Suzuki S-Presso 1.0 GL+ For Sale,R 171 000,Used Car,2023,5 000 km,Manual,Petrol,FUZION PRE-OWNED SWELLENDAM,Swellendam,05/12/2022,Front,1.0,1L,i3,27,"4,6 /100km",587 km,49 kW,89 Nm,111 g/km,24 May 2023,Unknown,Full Franchise Service History,Hatchback
26998348,2023 Suzuki S-Presso 1.0 GL Manual For Sale,R 172 000,Used Car,2023,5 km,Manual,Petrol,PLANET42,Pretoria,05/12/2022,Front,1.0,1L,i3,27,"4,6 /100km",587 km,49 kW,89 Nm,111 g/km,26 May 2023,Unknown,Not Applicable,White,Hatchback
26930915,2023 Toyota Agya 1.0 (Audio) For Sale,R 172 500,Used Car,2023,12 848 km,Manual,Petrol,CARNIVAL TOYOTA,Brakpan,25/11/2020,06/04/2023,Front,1.0,1L,i3,33,"4,8 /100km",688 km,49 kW,89 Nm,"14,6 s",165 km/h,112 g/km,18 June 2023,Unknown,Full Service History,Hatchback
27018202,2023 Renault Kwid 1.0 Life For Sale,R 172 500,Demo,2023,500 km,Manual,Petrol,NISSAN SPRINGS,Springs,13/05/2022,Front,1.0,1L,i3,28,"4,9 /100km",596 km,50 kW,91 Nm,152 km/h,118 g/km,05 June 2023,1,Full Service History,Blue,Hatchback
26916917,2023 Toyota Agya 1.0 For Sale,R 172 990,Used Car,2023,20 000 km,Manual,Petrol,HALFWAY TOYOTA SCOTTBURGH,Scottburgh,25/11/2020,06/04/2023,Front,1.0,1L,i3,33,"4,8 /100km",688 km,49 kW,89 Nm,"14,6 s",165 km/h,112 g/km,08 June 2023,1,Full Franchise Service History,White,Hatchback
26514786,2023 Suzuki Celerio 1.0 GA For Sale,R 173 700,New Car,2023,0,Manual,Petrol,SUZUKI ALBERTON NEW,Alberton,07/03/2022,Front,1.0,1L,i3,32,"4,4 /100km",727 km,49 kW,89 Nm,92 g/km,31 October 2022,White,Hatchback
26853548,2023 Renault Kwid 1.0 Life For Sale,R 173 800,New Car,2023,0,Manual,Petrol,AUTOCITY GROUP NEW CARS,Nigel,13/05/2022,Front,1.0,1L,i3,28,"4,9 /100km",596 km,50 kW,91 Nm,152 km/h,118 g/km,12 April 2023,Green,Hatchback
26853556,2023 Renault Kwid 1.0 Life For Sale,R 173 800,New Car,2023,0,Manual,Petrol,AUTOCITY GROUP NEW CARS,Nigel,13/05/2022,Front,1.0,1L,i3,28,"4,9 /100km",596 km,50 kW,91 Nm,152 km/h,118 g/km,12 April 2023,White,Hatchback
26853559,2023 Renault Kwid 1.0 Life For Sale,R 173 800,New Car,2023,0,Manual,Petrol,AUTOCITY GROUP NEW CARS,Nigel,13/05/2022,Front,1.0,1L,i3,28,"4,9 /100km",596 km,50 kW,91 Nm,152 km/h,118 g/km,12 April 2023,Silver,Hatchback
26906435,2023 Renault Kwid 1.0 Life For Sale,R 173 800,Used Car,2023,500 km,Manual,Petrol,AUTOCITY RENAULT HEIDELBERG,Heidelberg,13/05/2022,Front,1.0,1L,i3,28,"4,9 /100km",596 km,50 kW,91 Nm,152 km/h,118 g/km,12 April 2023,Unknown,Green,Hatchback
26906440,2023 Renault Kwid 1.0 Life For Sale,R 173 800,Used Car,2023,500 km,Manual,Petrol,AUTOCITY RENAULT HEIDELBERG,Heidelberg,13/05/2022,Front,1.0,1L,i3,28,"4,9 /100km",596 km,50 kW,91 Nm,152 km/h,118 g/km,12 April 2023,Unknown,White,Hatchback
26906453,2023 Renault Kwid 1.0 Life For Sale,R 173 800,Used Car,2023,500 km,Manual,Petrol,AUTOCITY RENAULT HEIDELBERG,Heidelberg,13/05/2022,Front,1.0,1L,i3,28,"4,9 /100km",596 km,50 kW,91 Nm,152 km/h,118 g/km,12 April 2023,Unknown,Silver,Hatchback
26308635,2023 Suzuki S-Presso 1.0 GL+ For Sale,R 173 900,New Car,2023,0,Manual,Petrol,SUZUKI WEST RAND NEW,Roodepoort,18/03/2020,04/12/2022,Front,1.0,1L,i3,27,"4,9 /100km",551 km,50 kW,90 Nm,118 g/km,13 June 2023,Blue,Hatchback
26308777,2023 Suzuki S-Presso 1.0 GL+ For Sale,R 173 900,New Car,2023,0,Manual,Petrol,SUZUKI WEST RAND NEW,Roodepoort,18/03/2020,04/12/2022,Front,1.0,1L,i3,27,"4,9 /100km",551 km,50 kW,90 Nm,118 g/km,13 June 2023,Red,Hatchback
26308799,2023 Suzuki S-Presso 1.0 GL+ For Sale,R 173 900,New Car,2023,0,Manual,Petrol,SUZUKI WEST RAND NEW,Roodepoort,18/03/2020,04/12/2022,Front,1.0,1L,i3,27,"4,9 /100km",551 km,50 kW,90 Nm,118 g/km,13 June 2023,Silver,Hatchback
26308835,2023 Suzuki S-Presso 1.0 GL+ For Sale,R 173 900,New Car,2023,0,Manual,Petrol,SUZUKI WEST RAND NEW,Roodepoort,18/03/2020,04/12/2022,Front,1.0,1L,i3,27,"4,9 /100km",551 km,50 kW,90 Nm,118 g/km,13 June 2023,Orange,Hatchback
26490428,2023 Suzuki S-Presso 1.0 GL+ For Sale,R 173 900,New Car,2023,0,Manual,Petrol,SUZUKI WEST RAND NEW,Roodepoort,18/03/2020,04/12/2022,Front,1.0,1L,i3,27,"4,9 /100km",551 km,50 kW,90 Nm,118 g/km,13 June 2023,White,Hatchback
26495125,2023 Suzuki Celerio 1.0 GA For Sale,R 173 900,Used Car,2023,1 500 km,Manual,Petrol,CMH HONDA PINETOWN,Pinetown,07/03/2022,Front,1.0,1L,i3,32,"4,4 /100km",727 km,49 kW,89 Nm,92 g/km,19 June 2023,Unknown,Silver,Hatchback
26802378,2023 Suzuki S-Presso 1.0 GL+ For Sale,R 173 900,Used Car,2023,30 km,Manual,Petrol,SUZUKI KYALAMI,Midrand,05/12/2022,Front,1.0,1L,i3,27,"4,6 /100km",587 km,49 kW,89 Nm,111 g/km,24 May 2023,1,Full Franchise Service History,Hatchback
26810492,2023 Suzuki S-Presso 1.0 GL+ For Sale,R 173 900,Used Car,2023,30 km,Manual,Petrol,SUZUKI KYALAMI,Midrand,05/12/2022,Front,1.0,1L,i3,27,"4,6 /100km",587 km,49 kW,89 Nm,111 g/km,24 May 2023,1,Full Franchise Service History,Hatchback
26817627,2023 Suzuki S-Presso 1.0 GL+ For Sale,R 173 900,Used Car,2023,30 km,Manual,Petrol,SUZUKI KYALAMI,Midrand,05/12/2022,Front,1.0,1L,i3,27,"4,6 /100km",587 km,49 kW,89 Nm,111 g/km,24 May 2023,1,Full Franchise Service History,Hatchback
26817634,2023 Suzuki S-Presso 1.0 GL+ For Sale,R 173 900,Used Car,2023,30 km,Manual,Petrol,SUZUKI KYALAMI,Midrand,05/12/2022,Front,1.0,1L,i3,27,"4,6 /100km",587 km,49 kW,89 Nm,111 g/km,24 May 2023,1,Full Franchise Service History,Hatchback
26879498,2023 Suzuki S-Presso 1.0 GL+ For Sale,R 173 900,Used Car,2023,101 km,Manual,Petrol,FRANK VOS MOTORS,Worcester,05/12/2022,Front,1.0,1L,i3,27,"4,6 /100km",587 km,49 kW,89 Nm,111 g/km,26 May 2023,Unknown,Full Franchise Service History,Blue,Hatchback
26995994,2023 Hyundai Atos 1.1 Motion For Sale,R 173 950,Used Car,2023,3 053 km,Manual,Petrol,HYUNDAI SPRINGS,Springs,10/10/2019,31/03/2023,Front,1.1,1.1L,i4,35,"5,7 /100km",614 km,50 kW,99 Nm,"14,4 s",155 km/h,127 g/km,17 June 2023,Unknown,Full Franchise Service History,Grey,Hatchback
26996016,2023 Hyundai Atos 1.1 Motion For Sale,R 173 950,Used Car,2023,1 900 km,Manual,Petrol,HYUNDAI SPRINGS,Springs,10/10/2019,31/03/2023,Front,1.1,1.1L,i4,35,"5,7 /100km",614 km,50 kW,99 Nm,"14,4 s",155 km/h,127 g/km,17 June 2023,Unknown,Full Franchise Service History,Red,Hatchback
26737587,2023 Renault Kwid 1.0 Expression For Sale,R 173 999,Used Car,2023,1 500 km,Manual,Petrol,CMH NISSAN MIDRAND,Midrand,18/11/2019,13/05/2022,Front,1.0,1L,i3,28,"4,7 /100km",596 km,50 kW,91 Nm,152 km/h,112 g/km,19 June 2023,Unknown,Silver,Hatchback
26737588,2023 Renault Kwid 1.0 Expression For Sale,R 173 999,Used Car,2023,1 500 km,Manual,Petrol,CMH NISSAN MIDRAND,Midrand,18/11/2019,13/05/2022,Front,1.0,1L,i3,28,"4,7 /100km",596 km,50 kW,91 Nm,152 km/h,112 g/km,19 June 2023,Unknown,Blue,Hatchback
26737590,2023 Renault Kwid 1.0 Expression For Sale,R 173 999,Used Car,2023,1 500 km,Manual,Petrol,CMH NISSAN MIDRAND,Midrand,18/11/2019,13/05/2022,Front,1.0,1L,i3,28,"4,7 /100km",596 km,50 kW,91 Nm,152 km/h,112 g/km,19 June 2023,Unknown,Red,Hatchback
26740938,2023 Renault Kwid 1.0 Expression For Sale,R 173 999,Used Car,2023,1 500 km,Manual,Petrol,CMH NISSAN MIDRAND,Midrand,18/11/2019,13/05/2022,Front,1.0,1L,i3,28,"4,7 /100km",596 km,50 kW,91 Nm,152 km/h,112 g/km,19 June 2023,Unknown,White,Hatchback
26817969,2023 Suzuki S-Presso 1.0 GL+ For Sale,R 174 700,New Car,2023,0,Manual,Petrol,SUZUKI ALBERTON NEW,Alberton,05/12/2022,Front,1.0,1L,i3,27,"4,6 /100km",587 km,49 kW,89 Nm,111 g/km,29 April 2023,White,Hatchback
26817976,2023 Suzuki S-Presso 1.0 GL+ For Sale,R 174 700,New Car,2023,0,Manual,Petrol,SUZUKI ALBERTON NEW,Alberton,05/12/2022,Front,1.0,1L,i3,27,"4,6 /100km",587 km,49 kW,89 Nm,111 g/km,29 April 2023,Silver,Hatchback
26820206,2023 Suzuki S-Presso 1.0 GL+ For Sale,R 174 700,New Car,2023,0,Manual,Petrol,SUZUKI ALBERTON NEW,Alberton,05/12/2022,Front,1.0,1L,i3,27,"4,6 /100km",587 km,49 kW,89 Nm,111 g/km,29 April 2023,Blue,Hatchback
26824057,2023 Suzuki S-Presso 1.0 GL+ For Sale,R 174 700,New Car,2023,0,Manual,Petrol,SUZUKI ALBERTON NEW,Alberton,05/12/2022,Front,1.0,1L,i3,27,"4,6 /100km",587 km,49 kW,89 Nm,111 g/km,29 April 2023,Grey,Hatchback
26836008,2023 Suzuki S-Presso 1.0 GL+ For Sale,R 174 700,New Car,2023,0,Manual,Petrol,SUZUKI ALBERTON NEW,Alberton,05/12/2022,Front,1.0,1L,i3,27,"4,6 /100km",587 km,49 kW,89 Nm,111 g/km,29 April 2023,Red,Hatchback
26838424,2023 Suzuki S-Presso 1.0 GL+ For Sale,R 174 700,New Car,2023,0,Manual,Petrol,SUZUKI ALBERTON NEW,Alberton,05/12/2022,Front,1.0,1L,i3,27,"4,6 /100km",587 km,49 kW,89 Nm,111 g/km,29 April 2023,Orange,Hatchback
26427963,2023 Suzuki Celerio 1.0 GA For Sale,R 174 750,Used Car,2023,101 km,Manual,Petrol,SUZUKI BASSONIA,Johannesburg,07/03/2022,Front,1.0,1L,i3,32,"4,4 /100km",727 km,49 kW,89 Nm,92 g/km,02 May 2023,Unknown,Full Franchise Service History,Silver,Hatchback
26840201,2023 Hyundai Atos 1.1 Motion For Sale,R 174 894,Used Car,2023,5 000 km,Manual,Petrol,HYUNDAI ROODEPOORT,Roodepoort,10/10/2019,31/03/2023,Front,1.1,1.1L,i4,35,"5,7 /100km",614 km,50 kW,99 Nm,"14,4 s",155 km/h,127 g/km,13 June 2023,Unknown,Full Franchise Service History,Blue,Hatchback
26984836,2023 Hyundai Atos 1.1 Motion For Sale,R 174 895,Used Car,2023,101 km,Manual,Petrol,MOTUS SELECT MENLYN,Pretoria,10/10/2019,31/03/2023,Front,1.1,1.1L,i4,35,"5,7 /100km",614 km,50 kW,99 Nm,"14,4 s",155 km/h,127 g/km,18 June 2023,1,Full Service History,Hatchback
26984841,2023 Hyundai Atos 1.1 Motion For Sale,R 174 895,Used Car,2023,103 km,Manual,Petrol,MOTUS SELECT MENLYN,Pretoria,10/10/2019,31/03/2023,Front,1.1,1.1L,i4,35,"5,7 /100km",614 km,50 kW,99 Nm,"14,4 s",155 km/h,127 g/km,18 June 2023,1,Full Service History,Hatchback
26984845,2023 Hyundai Atos 1.1 Motion For Sale,R 174 895,Used Car,2023,101 km,Manual,Petrol,MOTUS SELECT MENLYN,Pretoria,10/10/2019,31/03/2023,Front,1.1,1.1L,i4,35,"5,7 /100km",614 km,50 kW,99 Nm,"14,4 s",155 km/h,127 g/km,18 June 2023,1,Full Service History,Hatchback
26806301,2023 Suzuki Celerio 1.0 GA For Sale,R 174 900,Used Car,2023,9 200 km,Manual,Petrol,SUZUKI PIETERMARITZBURG,Pietermaritzburg,07/03/2022,Front,1.0,1L,i3,32,"4,4 /100km",727 km,49 kW,89 Nm,92 g/km,07 June 2023,Unknown,Full Franchise Service History,White,Hatchback
26883328,2023 Suzuki Super Carry 1.2 For Sale,R 174 900,New Car,2023,0,Manual,Petrol,BB SUZUKI,Tzaneen,23/05/2016,Front,1.2,1.2L,i4,30,54 kW,101 Nm,09 May 2023,White,Single cab
26883622,2023 Suzuki S-Presso 1.0 GL+ Auto For Sale,R 174 900,Used Car,2023,1 500 km,Automatic,Petrol,CMH MAZDA UMHLANGA,Umhlanga,05/12/2022,Front,1.0,1L,i3,27,"4,4 /100km",614 km,49 kW,89 Nm,106 g/km,19 June 2023,Unknown,Blue,Hatchback
26914800,2023 Renault Kwid 1.0 Zen For Sale,R 174 900,Used Car,2023,4 200 km,Manual,Petrol,RENAULT NEWCASTLE,Newcastle,13/05/2022,Front,1.0,1L,i3,28,"4,9 /100km",596 km,50 kW,91 Nm,152 km/h,118 g/km,30 March 2023,Unknown,Full Franchise Service History,Hatchback
26939789,2023 Renault Kwid 1.0 Zen For Sale,R 174 900,Used Car,2023,1 km,Manual,Petrol,BIDVEST MCCARTHY NISSAN WOODMEAD,Sandton,13/05/2022,Front,1.0,1L,i3,28,"4,9 /100km",596 km,50 kW,91 Nm,152 km/h,118 g/km,05 June 2023,1,Full Service History,Hatchback
26942826,2023 Renault Kwid 1.0 Zen For Sale,R 174 900,Used Car,2023,20 km,Manual,Petrol,BIDVEST MCCARTHY NISSAN WOODMEAD,Sandton,13/05/2022,Front,1.0,1L,i3,28,"4,9 /100km",596 km,50 kW,91 Nm,152 km/h,118 g/km,16 June 2023,1,Full Service History,Hatchback
26942844,2023 Renault Kwid 1.0 Zen For Sale,R 174 900,Used Car,2023,20 km,Manual,Petrol,BIDVEST MCCARTHY NISSAN WOODMEAD,Sandton,13/05/2022,Front,1.0,1L,i3,28,"4,9 /100km",596 km,50 kW,91 Nm,152 km/h,118 g/km,16 June 2023,1,Full Service History,Hatchback
26983274,2023 Renault Kwid 1.0 Climber For Sale,R 174 900,Used Car,2023,2 691 km,Manual,Petrol,IC AUTO BENONI NISSAN,Benoni,13/05/2022,Front,1.0,1L,i3,28,"4,9 /100km",596 km,50 kW,91 Nm,152 km/h,118 g/km,01 June 2023,Unknown,Not Applicable,Blue,Hatchback
26983276,2023 Renault Kwid 1.0 Climber For Sale,R 174 900,Used Car,2023,2 371 km,Manual,Petrol,IC AUTO BENONI NISSAN,Benoni,13/05/2022,Front,1.0,1L,i3,28,"4,9 /100km",596 km,50 kW,91 Nm,152 km/h,118 g/km,01 June 2023,Unknown,Not Applicable,Blue,Hatchback
27032250,2023 Renault Kwid 1.0 Zen For Sale,R 174 900,Used Car,2023,1 501 km,Manual,Petrol,MOTUS NISSAN TYGERVALLEY,Bellville,13/05/2022,Front,1.0,1L,i3,28,"4,9 /100km",596 km,50 kW,91 Nm,152 km/h,118 g/km,18 June 2023,1,Full Service History,Hatchback
27040319,2023 Suzuki Celerio 1.0 GA For Sale,R 174 900,Used Car,2023,10 000 km,Manual,Petrol,SUZUKI BASSONIA,Johannesburg,07/03/2022,Front,1.0,1L,i3,32,"4,4 /100km",727 km,49 kW,89 Nm,92 g/km,14 June 2023,1,Full Franchise Service History,Hatchback
27045510,2023 Renault Kwid 1.0 Life For Sale,R 174 900,Used Car,2023,2 000 km,Manual,Petrol,MOTUS NISSAN AND RENAULT MENLYN,Pretoria,13/05/2022,Front,1.0,1L,i3,28,"4,9 /100km",596 km,50 kW,91 Nm,152 km/h,118 g/km,17 June 2023,1,Full Service History,Hatchback
26817583,2023 Suzuki Celerio 1.0 GL For Sale,R 174 950,Used Car,2023,7 000 km,Manual,Petrol,SUZUKI BRYANSTON,Sandton,07/03/2022,Front,1.0,1L,i3,32,"4,4 /100km",727 km,49 kW,89 Nm,92 g/km,13 June 2023,Unknown,Full Service History,Red,Hatchback
26962842,2023 Suzuki Swift 1.2 GA For Sale,R 174 950,Used Car,2023,2 000 km,Manual,Petrol,SUZUKI BRYANSTON,Sandton,13/04/2021,Front,1.2,1.2L,i4,37,"4,9 /100km",755 km,61 kW,113 Nm,"12,0 s",170 km/h,116 g/km,19 June 2023,Unknown,Full Franchise Service History,White,Hatchback
26983505,2023 Suzuki S-Presso 1.0 S-Edition Manual For Sale,R 174 950,Used Car,2023,120 km,Manual,Petrol,AUTO INVESTMENTS WATERKLOOF,Pretoria,05/12/2022,Front,1.0,1L,i3,27,"4,6 /100km",587 km,49 kW,89 Nm,111 g/km,23 May 2023,Unknown,Full Service History,Silver,Hatchback
26866547,2023 Renault Kwid 1.0 Life For Sale,R 174 990,Used Car,2023,65 km,Manual,Petrol,BIDVEST MCCARTHY NISSAN MELROSE,Johannesburg,13/05/2022,Front,1.0,1L,i3,28,"4,9 /100km",596 km,50 kW,91 Nm,152 km/h,118 g/km,03 May 2023,1,Full Service History,Hatchback
26082106,2023 Renault Kwid 1.0 Expression For Sale,R 174 999,Used Car,2023,50 km,Manual,Petrol,DTM HELDERBERG,Strand,18/11/2019,13/05/2022,Front,1.0,1L,i3,28,"4,7 /100km",596 km,50 kW,91 Nm,152 km/h,112 g/km,02 June 2023,Unknown,Not Applicable,Hatchback
26807521,2023 Toyota Agya 1.0 (Audio) For Sale,R 175 900,Used Car,2023,12 932 km,Manual,Petrol,NMI TOYOTA MIDDELBURG,Middelburg,25/11/2020,06/04/2023,Front,1.0,1L,i3,33,"4,8 /100km",688 km,49 kW,89 Nm,"14,6 s",165 km/h,112 g/km,13 June 2023,Unknown,Full Service History,Hatchback
